AGPIO_0 - ULP_GPIO_0,ADCP[0],,COMP1_P0,OPAMP1_IN[2]
AGPIO_1 - ULP_GPIO_1,"ADCP[10]
ADCN[0]",,COMP1_N0,
AGPIO_2 - ULP_GPIO_2,ADCP[1],,COMP2_P0,OPAMP1_IN[3]
AGPIO_4 - ULP_GPIO_4,ADCP[2],DAC0,COMP1_N1,OPAMP1OUT0
AGPIO_5 - ULP_GPIO_5,"ADCP[12]
ADCN[2]",,COMP1_P1,OPAMP2_IN[1]
AGPIO_6 - ULP_GPIO_6,ADCP[3],,,OPAMP1_IN[4]
AGPIO_7 - ULP_GPIO_7,"ADCP[15]
ADCN[5]",,,OPAMP1_IN[1]
AGPIO_8 - ULP_GPIO_8,ADCP[4],,,OPAMP1_IN[5]
AGPIO_9 - ULP_GPIO_9,"ADCP[14]
ADCN[4]",,,OPAMP2OUT0
AGPIO_10 - ULP_GPIO_10,ADCP[5],,,OPAMP3_IN[0]
AGPIO_11 - ULP_GPIO_11,"ADCP[13]
ADCN[3]",,,OPAMP2_IN[0]
TopGPIO_0 - GPIO_25,ADCP[6],,,
TopGPIO_1 - GPIO_26,"ADCP[16]
ADCN[6]",,,
TopGPIO_2 - GPIO_27,ADCP[7],,COMP2_P1,"OPAMP3OUT0
OPAMP1_IN[0]"
TopGPIO_3 - GPIO_28,"ADCP[17]
ADCN[7]",,COMP2_N1,
TopGPIO_4 - GPIO_29,ADCP[8],,,OPAMP3_IN[1]
TopGPIO_5 - GPIO_30,"ADCP[18]
ADCN[8]",DAC1,,OPAMP1OUT1
