GPIO_6,"0: GPIO_6
1:
2: USART0_CTS
3: SSI_MST_DATA2
4: I2C0_SDA
5: I2C1_SCL","6: UART1_RX
7: I2S0_DIN_1
8: PMU_TEST_1
9: ULPPERH_ON_SOC_GPIO_0
10: PWM_0L
11: M4SS_QSPI_D0","12: GSPI_MOSI
13: M4SS_TRACE_CLKIN
14:
15: NWP_GPIO_6"
GPIO_7,"0: GPIO_7
1:
2: USART0_DTR
3: SSI_MST_DATA3
4: I2C0_SCL
5: I2C1_SDA","6: UART1_TX
7: I2S0_DOUT_1
8: PMU_TEST_2
9: ULPPERH_ON_SOC_GPIO_1
10: PWM_0H
11: M4SS_QSPI_CSN0","12: M4SS_QSPI_CSN1
13: M4SS_TRACE_CLK
14:
15:"
GPIO_8 / ISP_UART_RX,"0: GPIO_8
1:
2: USART0_CLK
3: SSI_MST_CLK
4: GSPI_CLK
5: QEI_IDX","6: UART1_RS485_RE
7: I2S0_CLK
8: SSI_SLV_CLK
9: ULPPERH_ON_SOC_GPIO_2
10: PWM_1L
11: M4SS_QSPI_CLK","12:
13: M4SS_TRACE_D0
14:
15: NWP_GPIO_8"
GPIO_9 / ISP_UART_TX,"0: GPIO_9
1:
2: USART0_RTS
3: SSI_MST_CS0
4: GSPI_CS0
5: QEI_PHA","6: UART1_RS485_DE
7: I2S0_WS
8: SSI_SLV_CS
9: ULPPERH_ON_SOC_GPIO_3
10: PWM_1H
11: M4SS_QSPI_D1","12:
13: M4SS_TRACE_D1
14:
15: NWP_GPIO_9"
GPIO_10,"0: GPIO_10
1:
2: USART0_RX
3: SSI_MST_CS1
4: GSPI_CS1
5: QEI_PHB","6: UART1_RTS
7: I2S0_DIN_0
8: SSI_SLV_MOSI
9: ULPPERH_ON_SOC_GPIO_4
10: PWM_2L
11: M4SS_QSPI_D2","12: SSI_MST_DATA1
13: M4SS_TRACE_D2
14:
15: NWP_GPIO_10"
GPIO_11,"0: GPIO_11
1:
2: USART0_DSR
3: SSI_MST_DATA0
4: GSPI_MISO
5: QEI_DIR","6: UART1_CTS
7: I2S0_DOUT_0
8: SSI_SLV_MISO
9: ULPPERH_ON_SOC_GPIO_5
10: PWM_2H
11: M4SS_QSPI_D3","12: MCU_CLK_OUT
13: M4SS_TRACE_D3
14:
15: NWP_GPIO_11"
GPIO_12,"0: GPIO_12
1:
2: USART0_DCD
3: SSI_MST_DATA1
4: GSPI_MOSI
5:","6: UART1_RS485_EN
7:
8: MCU_CLK_OUT
9: ULPPERH_ON_SOC_GPIO_6
10: PWM_3L
11:","12:
13:
14:
15: NWP_GPIO_12"
GPIO_15,"0: GPIO_15
1:
2: USART0_TX
3: SSI_MST_CS2
4: GSPI_CS2
5:","6: M4SS_TRACE_CLKIN
7:
8: MCU_CLK_OUT
9: ULPPERH_ON_SOC_GPIO_7
10: PWM_3H
11:","12:
13:
14:
15: NWP_GPIO_15"
"GPIO_25 / SDIO_CLK /
HSPI_CLK","0: GPIO_25
1:
2: USART0_CLK
3: SSI_MST_CLK
4: GSPI_CLK
5: QEI_IDX","6:
7: I2S0_CLK
8: SSI_SLV_CS
9: SCT_IN_0
10: PWM_FAULTA
11: ULPPERH_ON_SOC_GPIO_6","12: SOC_PLL_CLOCK
13:
14: TopGPIO_0
15:"
"GPIO_26 / SDIO_CMD /
HSPI_CSN","0: GPIO_26
1:
2: USART0_CTS
3: SSI_MST_DATA0
4: GSPI_MISO
5: QEI_PHA","6: UART1_RS485_EN
7: I2S0_WS
8: SSI_SLV_CLK
9:
10: PWM_FAULTB
11: ULPPERH_ON_SOC_GPIO_7","12: INTERFACE_PLL_CLOCK
13:
14: TopGPIO_1
15:"
"GPIO_27 / SDIO_D0 /
HSPI_MOSI","0: GPIO_27
1:
2: USART0_RI
3: SSI_MST_DATA1
4: GSPI_MOSI
5: QEI_PHB","6: UART1_RTS
7: I2S0_DIN_0
8: SSI_SLV_MOSI
9:
10: PWM_TMR_EXT_TRIG_1
11: ULPPERH_ON_SOC_GPIO_8","12: I2S_PLL_CLOCK
13: USART0_RS485_EN
14: TopGPIO_2
15:"
"GPIO_28 / SDIO_D1 /
HSPI_MISO","0: GPIO_28
1:
2: USART0_RTS
3: SSI_MST_CS0
4: GSPI_CS0
5: QEI_DIR","6: UART1_CTS
7: I2S0_DOUT_0
8: SSI_SLV_MISO
9:
10: PWM_TMR_EXT_TRIG_2
11: ULPPERH_ON_SOC_GPIO_9","12: XTAL_ON_IN
13: USART0_RS485_RE
14: TopGPIO_3
15:"
"GPIO_29 / SDIO_D2 /
HSPI_INTR","0: GPIO_29
1:
2: USART0_RX
3: SSI_MST_DATA2
4: GSPI_CS1
5: I2C1_SCL","6: UART1_RX
7: I2S0_DIN_1
8: PMU_TEST_1
9: SCT_OUT_0
10: PWM_TMR_EXT_TRIG_3
11: ULPPERH_ON_SOC_GPIO_10","12: USART0_DCD
13: USART0_RS485_DE
14: TopGPIO_4
15:"
GPIO_30 / SDIO_D3,"0: GPIO_30
1:
2: USART0_TX
3: SSI_MST_DATA3
4: GSPI_CS2
5: I2C1_SDA","6: UART1_TX
7: I2S0_DOUT_1
8: PMU_TEST_2
9: SCT_OUT_1
10: PWM_TMR_EXT_TRIG_4
11: ULPPERH_ON_SOC_GPIO_11","12: PMU_TEST_1
13: PMU_TEST_2
14: TopGPIO_5
15:"
"GPIO_31 /
JTAG_TCK_SWCLK","0: GPIO_31
1:
2:
3:
4:
5:","6:
7:
8:
9:
10:
11: I2C0_SDA","12: UART1_RTS
13: QEI_IDX
14:
15:"
GPIO_32 / JTAG_TDI,"0: GPIO_32
1:
2:
3:
4:
5:","6:
7:
8:
9:
10:
11: I2C0_SCL","12: UART1_CTS
13: QEI_PHA
14:
15:"
"GPIO_33 /
JTAG_TMS_SWDIO","0: GPIO_33
1:
2:
3:
4:
5:","6:
7:
8:
9:
10:
11: I2C1_SCL","12: UART1_RX
13: QEI_PHB
14:
15:"
"GPIO_34 /
JTAG_TDO_SWO","0: GPIO_34
1:
2:
3:
4:
5:","6:
7:
8:
9:
10:
11: I2C1_SDA","12: UART1_TX
13: QEI_DIR
14:
15:"
GPIO_46,"0: GPIO_46
1: M4SS_QSPI_CLK
2: USART0_RI
3: QEI_IDX
4: GSPI_CLK
5:","6: M4SS_TRACE_CLKIN
7: I2S0_CLK
8: SSI_SLV_CS
9: ULPPERH_ON_SOC_GPIO_8
10: SOC_PLL_CLOCK
11: M4SS_PSRAM_CLK","12:
13:
14:
15: NWP_GPIO_46"
GPIO_47,"0: GPIO_47
1: M4SS_QSPI_D0
2:
3: QEI_PHA
4: GSPI_MISO
5:","6: M4SS_TRACE_CLK
7: I2S0_WS
8: SSI_SLV_CLK
9: ULPPERH_ON_SOC_GPIO_9
10: INTERFACE_PLL_CLOCK
11: M4SS_PSRAM_D0","12:
13:
14:
15: NWP_GPIO_47"
GPIO_48,"0: GPIO_48
1: M4SS_QSPI_D1
2:
3: QEI_PHB
4: GSPI_MOSI
5:","6: M4SS_TRACE_D0
7: I2S0_DIN_0
8: SSI_SLV_MOSI
9: ULPPERH_ON_SOC_GPIO_10
10: I2S_PLL_CLOCK
11: M4SS_PSRAM_D1","12:
13:
14:
15: NWP_GPIO_48"
GPIO_49,"0: GPIO_49
1: M4SS_QSPI_CSN0
2: USART0_RS485_EN
3: QEI_DIR
4: GSPI_CS0
5:","6: M4SS_TRACE_D1
7: I2S0_DOUT_0
8: SSI_SLV_MISO
9: ULPPERH_ON_SOC_GPIO_11
10:
11: M4SS_PSRAM_CSN0","12:
13:
14:
15: NWP_GPIO_49"
GPIO_50,"0: GPIO_50
1: M4SS_QSPI_D2
2: USART0_RS485_RE
3: SSI_MST_CS2
4: GSPI_CS1
5: I2C1_SCL","6: M4SS_TRACE_D2
7: I2S0_DIN_1
8: PWM_TMR_EXT_TRIG_4
9: UART1_RTS
10: MEMS_REF_CLOCK
11: M4SS_PSRAM_D2","12:
13:
14:
15: NWP_GPIO_50"
GPIO_51,"0: GPIO_51
1: M4SS_QSPI_D3
2: USART0_RS485_DE
3: SSI_MST_CS3
4: GSPI_CS2
5: I2C1_SDA","6: M4SS_TRACE_D3
7: I2S0_DOUT_1
8: PWM_TMR_EXT_TRIG_1
9: UART1_CTS
10: PLL_TESTMODE_SIG
11: M4SS_PSRAM_D3","12:
13:
14:
15: NWP_GPIO_51"
GPIO_52,"0: GPIO_52
1:
2: USART0_CLK
3: SSI_MST_CLK
4: GSPI_CLK
5: QEI_IDX","6: M4SS_TRACE_CLKIN
7: I2S0_CLK
8: SSI_SLV_CLK
9: M4SS_QSPI_CLK
10: SOC_PLL_CLOCK
11:","12: M4SS_PSRAM_CLK
13:
14:
15:"
GPIO_53,"0: GPIO_53
1: M4SS_QSPI_CSN1
2: USART0_RTS
3: SSI_MST_CS0
4: GSPI_CS0
5: QEI_PHA","6: M4SS_TRACE_CLK
7: I2S0_WS
8: SSI_SLV_CS
9: M4SS_QSPI_D0
10: INTERFACE_PLL_CLOCK
11: M4SS_PSRAM_CSN1","12: M4SS_PSRAM_D0
13:
14:
15:"
GPIO_54,"0: GPIO_54
1: M4SS_QSPI_D4
2: USART0_TX
3: SSI_MST_DATA2
4: GSPI_CS1
5: I2C1_SCL","6: M4SS_TRACE_D0
7: I2S0_DIN_1
8: PWM_TMR_EXT_TRIG_2
9: M4SS_QSPI_D1
10: I2S_PLL_CLOCK
11: M4SS_PSRAM_D4","12: M4SS_PSRAM_D1
13:
14:
15:"
GPIO_55,"0: GPIO_55
1: M4SS_QSPI_D5
2: USART0_RX
3: SSI_MST_DATA3
4: GSPI_CS2
5: I2C1_SDA","6: M4SS_TRACE_D1
7: I2S0_DOUT_1
8: PWM_TMR_EXT_TRIG_3
9: M4SS_QSPI_CSN0
10:
11: M4SS_PSRAM_D5","12: M4SS_PSRAM_CSN0
13:
14:
15:"
GPIO_56,"0: GPIO_56
1: M4SS_QSPI_D6
2: USART0_CTS
3: SSI_MST_DATA0
4: GSPI_MISO
5: QEI_PHB","6: M4SS_TRACE_D2
7: I2S0_DIN_0
8: SSI_SLV_MOSI
9: M4SS_QSPI_D2
10: MEMS_REF_CLOCK
11: M4SS_PSRAM_D6","12: M4SS_PSRAM_D2
13:
14:
15:"
GPIO_57,"0: GPIO_57
1: M4SS_QSPI_D7
2: USART0_DSR
3: SSI_MST_DATA1
4: GSPI_MOSI
5: QEI_DIR","6: M4SS_TRACE_D3
7: I2S0_DOUT_0
8: SSI_SLV_MISO
9: M4SS_QSPI_D3
10: XTAL_ON_IN
11: M4SS_PSRAM_D7","12: M4SS_PSRAM_D3
13:
14:
15:"
