ULP_GPIO_0,"0: ULP_EGPIO_0
1: ULP_SSI_CLK
2: ULP_I2S_DIN
3: ULP_UART_RTS","4: ULP_I2C_SDA
5:
6: SOCPERH_ON_ULP_GPIO_0
7: AGPIO_0","8:
9:
10:
11:"
ULP_GPIO_1,"0: ULP_EGPIO_1
1: ULP_SSI_DOUT
2: ULP_I2S_DOUT
3: ULP_UART_CTS","4: ULP_I2C_SCL
5: Timer2
6: SOCPERH_ON_ULP_GPIO_1
7: AGPIO_1","8:
9:
10:
11:"
ULP_GPIO_2,"0: ULP_EGPIO_2
1: ULP_SSI_DIN
2: ULP_I2S_WS
3: ULP_UART_RX","4:
5: COMP1_OUT
6: SOCPERH_ON_ULP_GPIO_2
7: AGPIO_2","8:
9:
10:
11:"
ULP_GPIO_4,"0: ULP_EGPIO_4
1: ULP_SSI_CS1
2: ULP_I2S_WS
3: ULP_UART_RTS","4: ULP_I2C_SDA
5: AUX_ULP_TRIG_1
6: SOCPERH_ON_ULP_GPIO_4
7: AGPIO_4","8: ULP_SSI_CLK
9: Timer0
10: IR_INPUT
11:"
ULP_GPIO_5,"0: ULP_EGPIO_5
1: IR_OUTPUT
2: ULP_I2S_DOUT
3: ULP_UART_CTS","4: ULP_I2C_SCL
5: AUX_ULP_TRIG_0
6: SOCPERH_ON_ULP_GPIO_5
7: AGPIO_5","8: ULP_SSI_DOUT
9: Timer1
10: IR_OUTPUT
11:"
ULP_GPIO_6,"0: ULP_EGPIO_6
1: ULP_SSI_CS2
2: ULP_I2S_DIN
3: ULP_UART_RX","4: ULP_I2C_SDA
5:
6: SOCPERH_ON_ULP_GPIO_6
7: AGPIO_6","8: ULP_SSI_DIN
9: COMP1_OUT
10: AUX_ULP_TRIG_0
11:"
ULP_GPIO_7,"0: ULP_EGPIO_7
1: IR_INPUT
2: ULP_I2S_CLK
3: ULP_UART_TX","4: ULP_I2C_SCL
5: Timer1
6: SOCPERH_ON_ULP_GPIO_7
7: AGPIO_7","8: ULP_SSI_CS0
9: COMP2_OUT
10: AUX_ULP_TRIG_1
11:"
ULP_GPIO_8,"0: ULP_EGPIO_8
1: ULP_SSI_CLK
2: ULP_I2S_CLK
3: ULP_UART_CTS","4: ULP_I2C_SCL
5: Timer0
6: SOCPERH_ON_ULP_GPIO_8
7: AGPIO_8","8:
9:
10:
11:"
ULP_GPIO_9,"0: ULP_EGPIO_9
1: ULP_SSI_DIN
2: ULP_I2S_DIN
3: ULP_UART_RX","4: ULP_I2C_SDA
5:
6: SOCPERH_ON_ULP_GPIO_9
7: AGPIO_9","8:
9:
10:
11:"
ULP_GPIO_10,"0: ULP_EGPIO_10
1: ULP_SSI_CS0
2: ULP_I2S_WS
3: ULP_UART_RTS","4: IR_INPUT
5:
6: SOCPERH_ON_ULP_GPIO_10
7: AGPIO_10","8:
9:
10:
11:"
ULP_GPIO_11,"0: ULP_EGPIO_11
1: ULP_SSI_DOUT
2: ULP_I2S_DOUT
3: ULP_UART_TX","4: ULP_I2C_SDA
5: AUX_ULP_TRIG_0
6: SOCPERH_ON_ULP_GPIO_11
7: AGPIO_11","8:
9:
10:
11:"
