UULP_VBAT_GPIO_0,"0: UULP_VBAT_GPIO[0]
1:
2: MCU_GPIO0_WAKEUP
3: SYSRTC_PRS_IN_G0","4: SYSRTC_PRS_OUT_G0_1
5:
6:
7:"
UULP_VBAT_GPIO_1,"0: UULP_VBAT_GPIO[1]
1:
2: MCU_GPIO1_WAKEUP
3:","4: SYSRTC_PRS_IN_G1
5: SYSRTC_PRS_OUT_G1_0
6: MCU_GPIO_TOGGLE
7:"
UULP_VBAT_GPIO_2,"0: UULP_VBAT_GPIO[2]
1: NWP_GPIO0_WAKEUP
2: MCU_GPIO2_WAKEUP
3: MCU_GPIO_TOGGLE","4:
5: SYSRTC_PRS_OUT_G1_1
6:
7: VOLT_SENSE"
UULP_VBAT_GPIO_3,"0: UULP_VBAT_GPIO[3]
1: NWP_GPIO1_WAKEUP
2: MCU_GPIO3_WAKEUP
3: SYSRTC_PRS_OUT_G0_0","4: MCU_GPIO_TOGGLE
5: XTAL_32KHZ_IN
6:
7: COMP_P"
